,support,confidence
Low---E1,0.32046332,1
A1---Low---E1,0.239382239,1
E3---Middle---D1,0.231660232,1
B1---Low---E1,0.216216216,1
High---E3,0.235521236,0.968253968
A1---E3---D1,0.212355212,0.93220339
D1---Middle---E3,0.231660232,0.869565217
B1---E3---D1,0.223938224,0.794520548
E3---D1,0.370656371,0.79338843
Middle---D1,0.266409266,0.784090909
