,support,confidence
A3---F4---H4,0.07849462365591398,0.8795180722891566
C3---F4---H4,0.07526881720430108,0.875
B2---F4---H4,0.06236559139784946,0.7945205479452054
C2---E3---D2,0.09247311827956989,0.7543859649122807
D2---F3---H4---A2,0.06236559139784946,0.7532467532467533
